time,signal
0.0,0.019041351352864472
0.00400200100050025,0.016249245538297572
0.0080040020010005,0.01856821943549443
0.012006003001500749,0.02474689540542538
0.016008004002001,0.013712218267494572
0.02001000500250125,0.02127960307225643
0.024012006003001497,0.010992114913873165
0.028014007003501748,0.015034314058265871
0.032016008004002,0.020618603712877763
0.03601800900450225,0.02237518051689306
0.0400200100050025,0.02849241076895667
0.04402201100550275,0.022330859688489614
0.048024012006002995,0.025866500753313
0.052026013006503245,0.014814848846660584
0.056028014007003496,0.014340222619480552
0.06003001500750375,0.02327400132870718
0.064032016008004,0.027461140964746333
0.06803401700850424,0.0275576505386353
0.0720360180090045,0.017637914764203524
0.07603801900950474,0.01789483009662307
0.080040020010005,0.016743091769728834
0.08404202101050524,0.02800097761123084
0.0880440220110055,0.024101876324964744
0.09204602301150575,0.015561415651617661
0.09604802401200599,0.014633909025224032
0.10005002501250625,0.02028341551748292
0.10405202601300649,0.023303977853660132
0.10805402701350675,0.018599687758573704
0.11205602801400699,0.018977257968090893
0.11605802901450725,0.02273177850683794
0.1200600300150075,0.015935346693653513
0.12406203101550775,0.017626079765382212
0.128064032016008,0.017689718211086416
0.13206603301650824,0.01874044577673541
0.13606803401700848,0.019269739817833493
0.14007003501750875,0.022587342052613195
0.144072036018009,0.015143388560310531
0.14807403701850924,0.027797945130578705
0.15207603801900949,0.013487311725521447
0.15607803901950976,0.026608472638296285
0.16008004002001,0.018805495939651314
0.16408204102051024,0.017726790950906533
0.1680840420210105,0.010591255835805169
0.17208604302151073,0.025724302792055006
0.176088044022011,0.01712896423263048
0.18009004502251125,0.012922088122900056
0.1840920460230115,0.021067956098344835
0.18809404702351173,0.02132322081192975
0.19209604802401198,0.03270129835650197
0.19609804902451225,0.020497325774621294
0.2001000500250125,0.015001594495734794
0.20410205102551274,0.015488777914447695
0.20810405202601298,0.01751757589789053
0.21210605302651325,0.02596384797043113
0.2161080540270135,0.019790616973426992
0.22011005502751374,0.01956316126239271
0.22411205602801398,0.0228190223394081
0.22811405702851423,0.025874084800551055
0.2321160580290145,0.01359471136892795
0.23611805902951474,0.018378404967391116
0.240120060030015,0.020355929468119763
0.24412206103051523,0.021510050924338466
0.2481240620310155,0.021380772199883907
0.25212606303151575,0.026090216922116244
0.256128064032016,0.02435752433303671
0.26013006503251623,0.020099441959977066
0.2641320660330165,0.012162050998206025
0.2681340670335167,0.016633532641485548
0.27213606803401696,0.01969260796964639
0.27613806903451726,0.02513104537767632
0.2801400700350175,0.019999977068513856
0.28414207103551775,0.027577050739443804
0.288144072036018,0.023925005103210377
0.29214607303651824,0.01225397537938627
0.2961480740370185,0.025083833159136842
0.3001500750375187,0.0186814098410385
0.30415207603801897,0.02556957330595063
0.3081540770385192,0.018737432663849064
0.3121560780390195,0.01776513533253274
0.31615807903951976,0.015096568037259768
0.32016008004002,0.024712974016163285
0.32416208104052024,0.02124176629218635
0.3281640820410205,0.022574773897996676
0.33216608304152073,0.02552023949158009
0.336168084042021,0.028396935212921852
0.3401700850425212,0.014523978235307903
0.34417208604302146,0.014374781321370787
0.34817408704352176,0.01264459694146038
0.352176088044022,0.01627395691570596
0.35617808904452225,0.014188742517100374
0.3601800900450225,0.02285757195919358
0.36418209104552274,0.011973639798785185
0.368184092046023,0.021056611576452618
0.3721860930465232,0.0189082443969191
0.37618809404702347,0.02401206995972286
0.3801900950475237,0.009940193842335927
0.38419209604802396,0.022572829977440544
0.38819409704852426,0.017556623790196953
0.3921960980490245,0.019296194089745648
0.39619809904952474,0.019335002531776207
0.400200100050025,0.01958798426716196
0.40420210105052523,0.019200710759504983
0.4082041020510255,0.016654195662647298
0.4122061030515257,0.018799191883849098
0.41620810405202596,0.020007433103082863
0.4202101050525262,0.018671843937134936
0.4242121060530265,0.015510677258215394
0.42821410705352675,0.021073360858733414
0.432216108054027,0.021311069286828604
0.43621810905452724,0.02480313495394346
0.4402201100550275,0.02152212256036443
0.4442221110555277,0.016812314119754205
0.44822411205602797,0.01348643619687993
0.4522261130565282,0.014397811089849152
0.45622811405702846,0.013305183224318992
0.46023011505752875,0.024547508200772703
0.464232116058029,0.013371019426850279
0.46823411705852924,0.025244148622827818
0.4722361180590295,0.033828525924412364
0.47623811905952973,0.01719575845308059
0.48024012006003,0.01162513905014104
0.4842421210605302,0.019122701821844914
0.48824412206103046,0.027159314302384205
0.4922461230615307,0.009162894141873896
0.496248124062031,0.016109157527630973
0.5002501250625312,0.01438020156222802
0.5042521260630315,0.020629447343303152
0.5082541270635317,0.024275700609663147
0.512256128064032,0.02244892140227057
0.5162581290645323,0.015123843184156754
0.5202601300650325,0.026502220949985198
0.5242621310655328,0.022365967282526565
0.528264132066033,0.0271720295096515
0.5322661330665333,0.019519830311489437
0.5362681340670334,0.022241838838012604
0.5402701350675337,0.022260210575016592
0.5442721360680339,0.024129384329495945
0.5482741370685342,0.021501357180358973
0.5522761380690345,0.018693210300139946
0.5562781390695347,0.023689620221746772
0.560280140070035,0.02219332979251836
0.5642821410705352,0.015482057848352422
0.5682841420710355,0.01794326243570797
0.5722861430715357,0.019443306880734756
0.576288144072036,0.025588749959153095
0.5802901450725362,0.01630949914594692
0.5842921460730365,0.02407487758926887
0.5882941470735368,0.018490358688439124
0.592296148074037,0.02202727434468209
0.5962981490745373,0.030591204022397553
0.6003001500750375,0.02354865837608324
0.6043021510755378,0.021442140936433384
0.6083041520760379,0.028380906828979077
0.6123061530765382,0.022111044970611168
0.6163081540770384,0.023629349905989073
0.6203101550775387,0.01921820952078542
0.624312156078039,0.028890361471170488
0.6283141570785392,0.015588551234780658
0.6323161580790395,0.021622173425223535
0.6363181590795397,0.02080594002899148
0.64032016008004,0.03359362917288136
0.6443221610805402,0.009894200544934603
0.6483241620810405,0.021434425076083466
0.6523261630815407,0.021902502047104526
0.656328164082041,0.021953885427851372
0.6603301650825413,0.016118497172599
0.6643321660830415,0.026042594532676648
0.6683341670835418,0.017860730763927968
0.672336168084042,0.028646780303020612
0.6763381690845423,0.017567426056189172
0.6803401700850424,0.02163374129540933
0.6843421710855427,0.016456843418374605
0.6883441720860429,0.013020279439770122
0.6923461730865432,0.014475227497014617
0.6963481740870435,0.020105072461089474
0.7003501750875437,0.017874670742724974
0.704352176088044,0.018950998444181362
0.7083541770885442,0.02051832633979563
0.7123561780890445,0.006645010820211903
0.7163581790895447,0.01732858391761837
0.720360180090045,0.013728156815037487
0.7243621810905452,0.017808107850610846
0.7283641820910455,0.017272558686650948
0.7323661830915458,0.01923070496878231
0.736368184092046,0.016775085987161417
0.7403701850925463,0.018275717023608015
0.7443721860930465,0.017875127784754037
0.7483741870935467,0.021284842107253246
0.7523761880940469,0.026576915484640532
0.7563781890945472,0.026653510745374337
0.7603801900950474,0.01617202745791147
0.7643821910955477,0.024494564225152178
0.7683841920960479,0.013971257988033666
0.7723861930965482,0.01954415763008592
0.7763881940970485,0.02111327501307853
0.7803901950975487,0.01728132234419404
0.784392196098049,0.017077379884759974
0.7883941970985492,0.020534006152486534
0.7923961980990495,0.018268195567096843
0.7963981990995497,0.023861679694163335
0.80040020010005,0.0237549293533666
0.8044022011005502,0.032116477608385846
0.8084042021010505,0.01997221707984804
0.8124062031015508,0.020275462163474558
0.816408204102051,0.031102289969232116
0.8204102051025512,0.02225154248325424
0.8244122061030514,0.028024219947746593
0.8284142071035517,0.025496738261586563
0.8324162081040519,0.034105175400954854
0.8364182091045522,0.021503408635537173
0.8404202101050524,0.033077451177251936
0.8444222111055527,0.029587311996877207
0.848424212106053,0.039220881017091196
0.8524262131065532,0.047990344071216634
0.8564282141070535,0.05009483687943737
0.8604302151075537,0.044798592154977265
0.864432216108054,0.0507169886363516
0.8684342171085542,0.05583553590157091
0.8724362181090545,0.06581584456438812
0.8764382191095547,0.0711337127997084
0.880440220110055,0.07366359904977833
0.8844422211105553,0.08307928076563861
0.8884442221110554,0.09812244681914689
0.8924462231115557,0.11284945658586017
0.8964482241120559,0.11727071534225378
0.9004502251125562,0.12482224649652122
0.9044522261130564,0.14303470731535317
0.9084542271135567,0.15206868397502601
0.9124562281140569,0.16166193829849537
0.9164582291145572,0.17459584018605015
0.9204602301150575,0.195863544227156
0.9244622311155577,0.19694012971631436
0.928464232116058,0.21845530091384657
0.9324662331165582,0.23360891034349038
0.9364682341170585,0.2557116577244891
0.9404702351175587,0.27431647477365817
0.944472236118059,0.28521482620047095
0.9484742371185592,0.29721056076005625
0.9524762381190595,0.31770512639381376
0.9564782391195598,0.32530677350530646
0.96048024012006,0.34223960170091144
0.9644822411205602,0.3597140716819713
0.9684842421210604,0.37648677949183135
0.9724862431215607,0.37831017687809476
0.9764882441220609,0.3927798009924129
0.9804902451225612,0.3920276594015583
0.9844922461230614,0.3995419058191728
0.9884942471235617,0.40065136317696026
0.992496248124062,0.4069021221703898
0.9964982491245622,0.4096765696728837
1.0005002501250624,0.38047497231198213
1.0045022511255628,0.35335555437676924
1.008504252126063,0.32233004588923236
1.0125062531265632,0.30133081653487687
1.0165082541270634,0.27634466725314044
1.0205102551275638,0.24633163704442507
1.024512256128064,0.2275685001930079
1.0285142571285641,0.20835195602168097
1.0325162581290646,0.18354504869246682
1.0365182591295647,0.16467495195276258
1.040520260130065,0.1406818684907592
1.0445222611305651,0.13321542152754634
1.0485242621310655,0.11394251366699854
1.0525262631315657,0.10895915229868817
1.056528264132066,0.10662795125026289
1.060530265132566,0.08137970468422387
1.0645322661330665,0.08057501198477196
1.0685342671335667,0.07310239808378104
1.0725362681340669,0.05306874461809791
1.0765382691345673,0.06181307768412681
1.0805402701350675,0.056731967677625436
1.0845422711355677,0.046814997257417085
1.0885442721360679,0.03072395481599491
1.0925462731365683,0.042753177996576616
1.0965482741370685,0.04510436111085604
1.1005502751375686,0.036199224490620734
1.104552276138069,0.03255538285973727
1.1085542771385692,0.02643653976481234
1.1125562781390694,0.02911388535062072
1.1165582791395696,0.023486237864131745
1.12056028014007,0.018547470079966134
1.1245622811405702,0.026473865765761613
1.1285642821410704,0.01909346446232494
1.1325662831415706,0.02030056584658666
1.136568284142071,0.02813942106713422
1.1405702851425712,0.02551406862648759
1.1445722861430714,0.020079764887140587
1.1485742871435718,0.01839888192263943
1.152576288144072,0.01717217079319527
1.1565782891445722,0.023175691283821905
1.1605802901450724,0.011615081387552312
1.1645822911455728,0.02473428415478849
1.168584292146073,0.01872280362546773
1.1725862931465731,0.021443888139489446
1.1765882941470736,0.012743309107433626
1.1805902951475737,0.019795687317151887
1.184592296148074,0.022435824421274484
1.1885942971485741,0.014650769614596684
1.1925962981490745,0.02350238879372448
1.1965982991495747,0.010220259153606474
1.200600300150075,0.015461605752825541
1.204602301150575,0.02130349542368553
1.2086043021510755,0.014712763655148176
1.2126063031515757,0.019210994404315108
1.2166083041520759,0.01874947895304913
1.2206103051525763,0.015837710507180407
1.2246123061530765,0.020589817840288654
1.2286143071535767,0.018130626924858548
1.2326163081540769,0.018916255422811997
1.2366183091545773,0.014156525184318886
1.2406203101550775,0.014104675535388852
1.2446223111555776,0.009614112017502988
1.248624312156078,0.012492923948641443
1.2526263131565782,0.026420660399898207
1.2566283141570784,0.023259570679232542
1.2606303151575786,0.02269148913721692
1.264632316158079,0.022395652125663256
1.2686343171585792,0.013760653550982634
1.2726363181590794,0.017655279879834083
1.2766383191595796,0.020016599433283645
1.28064032016008,0.015152523237184117
1.2846423211605802,0.020848990861133943
1.2886443221610804,0.02140499968696662
1.2926463231615808,0.028515432806594854
1.296648324162081,0.02281233885843574
1.3006503251625812,0.024443003206648016
1.3046523261630814,0.018376257419111298
1.3086543271635818,0.018090687677979955
1.312656328164082,0.02310707634448806
1.3166583291645821,0.018109625580202907
1.3206603301650826,0.021228251227290777
1.3246623311655827,0.029252001254912032
1.328664332166083,0.020581545618433592
1.3326663331665831,0.017443900329229413
1.3366683341670835,0.021733907541024052
1.3406703351675837,0.013590797855818152
1.344672336168084,0.02061503144517614
1.348674337168584,0.01821748737187473
1.3526763381690845,0.012395184391505535
1.3566783391695847,0.01965999652467733
1.3606803401700849,0.0169011218962583
1.3646823411705853,0.020207292330029446
1.3686843421710855,0.020165863850252874
1.3726863431715857,0.018785862957369177
1.3766883441720859,0.015513718895764582
1.3806903451725863,0.020466332407030857
1.3846923461730865,0.02485677449510572
1.3886943471735866,0.021720119758227793
1.392696348174087,0.030604717299887077
1.3966983491745872,0.0163999886376671
1.4007003501750874,0.01647003805810503
1.4047023511755876,0.017721886875857185
1.408704352176088,0.016054026883733665
1.4127063531765882,0.023498939776696995
1.4167083541770884,0.018423587637394764
1.4207103551775886,0.021273379434782125
1.424712356178089,0.02369468967708714
1.4287143571785892,0.02651597661405056
1.4327163581790894,0.027880639016306913
1.4367183591795898,0.020403388286567885
1.44072036018009,0.017684266887765112
1.4447223611805902,0.018577589070815644
1.4487243621810904,0.0253603276202881
1.4527263631815908,0.02136484904267197
1.456728364182091,0.01010084365283214
1.4607303651825911,0.027797765909417245
1.4647323661830915,0.02356953323230963
1.4687343671835917,0.026877536399685015
1.472736368184092,0.026530473142853766
1.4767383691845921,0.025157387666279913
1.4807403701850925,0.023438434016185845
1.4847423711855927,0.021578960342764058
1.488744372186093,0.020236330405638433
1.492746373186593,0.024136315290911002
1.4967483741870935,0.010338424684471671
1.5007503751875937,0.009424150539541138
1.5047523761880939,0.014912441209769286
1.5087543771885943,0.017145884498614358
1.5127563781890945,0.01848797345682031
1.5167583791895947,0.013755171830021624
1.5207603801900949,0.015927587667064477
1.5247623811905953,0.023072104682545745
1.5287643821910955,0.020847152629451308
1.5327663831915956,0.021617076717342344
1.5367683841920958,0.0123233463128087
1.5407703851925962,0.022243867359645796
1.5447723861930964,0.016784971456582632
1.5487743871935966,0.022031125508788107
1.552776388194097,0.010042049090889611
1.5567783891945972,0.02058116675942578
1.5607803901950974,0.022928710266594262
1.5647823911955976,0.009010913817003252
1.568784392196098,0.015081277217285022
1.5727863931965982,0.023179111539478277
1.5767883941970984,0.019521378171868425
1.5807903951975988,0.0250227081062603
1.584792396198099,0.022259345760538358
1.5887943971985992,0.010719210505714305
1.5927963981990994,0.011053157269018706
1.5967983991995998,0.020369329533681757
1.6008004002001,0.023533214960277802
1.6048024012006001,0.025949046491420297
1.6088044022011003,0.020629075130438594
1.6128064032016007,0.017401378907519412
1.616808404202101,0.030755900876757607
1.6208104052026011,0.009711542809080962
1.6248124062031015,0.0282710757808668
1.6288144072036017,0.01459486311438955
1.632816408204102,0.019405907529288773
1.636818409204602,0.014931723744362833
1.6408204102051025,0.02195355399901899
1.6448224112056027,0.019407677246840022
1.6488244122061029,0.014027117573807552
1.6528264132066033,0.021480632648538642
1.6568284142071035,0.023359901387007997
1.6608304152076037,0.02114514788520907
1.6648324162081038,0.02262206267935693
1.6688344172086043,0.016452787035770182
1.6728364182091044,0.018899987918006976
1.6768384192096046,0.023421114153098596
1.6808404202101048,0.027440162298650733
1.6848424212106052,0.01426899581984789
1.6888444222111054,0.012308535971961292
1.6928464232116056,0.014792143793914192
1.696848424212106,0.020277896433450897
1.7008504252126062,0.02499950809737561
1.7048524262131064,0.014867057990633028
1.7088544272136066,0.02585458739452684
1.712856428214107,0.023247768367618812
1.7168584292146072,0.017987404144728172
1.7208604302151074,0.016837534318314983
1.7248624312156078,0.02340914355692847
1.728864432216108,0.023138855664322895
1.7328664332166082,0.02666265971966594
1.7368684342171083,0.01716428616451092
1.7408704352176088,0.017767536228771023
1.744872436218109,0.025245786762859098
1.7488744372186091,0.018481694644713508
1.7528764382191093,0.014035093925117734
1.7568784392196097,0.018102599286590026
1.76088044022011,0.01588657188097071
1.76488244122061,0.02296731428145715
1.7688844422211105,0.01848638816179053
1.7728864432216107,0.01953815327573854
1.776888444222111,0.025002965056227504
1.780890445222611,0.013880360567414502
1.7848924462231115,0.02641860258259232
1.7888944472236117,0.02432997585015636
1.7928964482241119,0.023760684709628242
1.7968984492246123,0.017983023946578008
1.8009004502251125,0.02548008573685225
1.8049024512256127,0.01968625484227128
1.8089044522261128,0.017320181294936808
1.8129064532266133,0.005246409465613441
1.8169084542271134,0.026079198039831303
1.8209104552276136,0.012889430267248002
1.8249124562281138,0.03291091167574309
1.8289144572286142,0.025484205287946496
1.8329164582291144,0.020566845726330444
1.8369184592296146,0.021187664994096817
1.840920460230115,0.014876933526804316
1.8449224612306152,0.023330442068907022
1.8489244622311154,0.014420972338821822
1.8529264632316156,0.011686950786079403
1.856928464232116,0.007451405603705118
1.8609304652326162,0.014259985690399348
1.8649324662331164,0.026829345620493515
1.8689344672336168,0.00885295997125189
1.872936468234117,0.016978546598692683
1.8769384692346172,0.021718503749212734
1.8809404702351173,0.017156461253320886
1.8849424712356178,0.022081745274231884
1.888944472236118,0.011503016507044888
1.8929464732366181,0.018569390847196974
1.8969484742371183,0.013616582097060083
1.9009504752376187,0.016864255402482167
1.904952476238119,0.015155827059771398
1.908954477238619,0.015465785803098837
1.9129564782391195,0.016376501831693712
1.9169584792396197,0.014584653855637317
1.92096048024012,0.025035506775383937
1.92496248124062,0.021298437833171452
1.9289644822411205,0.02891390574747922
1.9329664832416207,0.024084881581185
1.9369684842421209,0.019312307991289274
1.9409704852426213,0.014815603604882651
1.9449724862431215,0.013552116859443733
1.9489744872436217,0.02533751131026136
1.9529764882441218,0.02014636404277393
1.9569784892446223,0.01203223750532212
1.9609804902451224,0.01176712821251124
1.9649824912456226,0.01562676053325304
1.9689844922461228,0.030324509849200987
1.9729864932466232,0.017389066663157374
1.9769884942471234,0.027155597213421832
1.9809904952476236,0.021853110554233293
1.984992496248124,0.009581627289178914
1.9889944972486242,0.026517558190017297
1.9929964982491244,0.015943046731067015
1.9969984992496246,0.016861848346632565
2.0010005002501248,0.018049012312866586
2.005002501250625,0.019547356701598156
2.0090045022511256,0.025064924002252992
2.0130065032516256,0.02455894875057568
2.017008504252126,0.019185744835992984
2.0210105052526264,0.02169345331358863
2.0250125062531263,0.0218519144349322
2.0290145072536268,0.012324913666939647
2.0330165082541267,0.022663054783891138
2.037018509254627,0.022906717258747433
2.0410205102551275,0.0225295423989016
2.0450225112556275,0.009907531029184463
2.049024512256128,0.021961545024573953
2.0530265132566283,0.0024652592699186404
2.0570285142571283,0.023079877642341005
2.0610305152576287,0.02256607929293971
2.065032516258129,0.025707595498620117
2.069034517258629,0.01865027806157382
2.0730365182591295,0.019277235934092616
2.0770385192596295,0.029865992271814662
2.08104052026013,0.027724918850543318
2.0850425212606303,0.022771735833701852
2.0890445222611302,0.02582446495640771
2.0930465232616307,0.020108696255578186
2.097048524262131,0.02579882150577152
2.101050525262631,0.017395064909922476
2.1050525262631314,0.020953832977128203
2.109054527263632,0.0207287705000525
2.113056528264132,0.02554141582522456
2.1170585292646322,0.018703932889816244
2.121060530265132,0.010735254653384346
2.1250625312656326,0.02766753310585604
2.129064532266133,0.010013398396971521
2.133066533266633,0.027082873531999067
2.1370685342671334,0.021476677843330152
2.141070535267634,0.024941243585296216
2.1450725362681338,0.018233896315667544
2.149074537268634,0.01566555027602977
2.1530765382691346,0.022358190444214117
2.1570785392696346,0.023117989066778116
2.161080540270135,0.02100366218542624
2.1650825412706354,0.011058946495881725
2.1690845422711353,0.01814939726087745
2.1730865432716358,0.01795852585018543
2.1770885442721357,0.01748290058480199
2.181090545272636,0.02563144349670858
2.1850925462731365,0.022070708197583555
2.1890945472736365,0.016360787843927173
2.193096548274137,0.008365990921736812
2.1970985492746373,0.01863867643847415
2.2011005502751373,0.033777736452446444
2.2051025512756377,0.018799792318687482
2.209104552276138,0.02226436424387256
2.213106553276638,0.03047214070765408
2.2171085542771385,0.017628118376985972
2.2211105552776385,0.00923568808549413
2.225112556278139,0.019359878766565072
2.2291145572786393,0.014022041779876558
2.2331165582791392,0.015805920215769265
2.2371185592796397,0.016224826632200446
2.24112056028014,0.018679033052961248
2.24512256128064,0.02495061651737797
2.2491245622811404,0.019889488382525335
2.253126563281641,0.01641854833877478
2.257128564282141,0.015716400335478532
2.2611305652826412,0.02039144750306013
2.265132566283141,0.019250340641481237
2.2691345672836416,0.02403644366674646
2.273136568284142,0.018730050661806635
2.277138569284642,0.020880664555244288
2.2811405702851424,0.01675849405514096
2.285142571285643,0.025483303003761965
2.2891445722861428,0.034292698231327676
2.293146573286643,0.023999109889314023
2.2971485742871436,0.013418333728899988
2.3011505752876436,0.013077835863618138
2.305152576288144,0.016210501642022868
2.3091545772886444,0.009458245825633952
2.3131565782891443,0.013453588187314815
2.3171585792896447,0.02578476548505563
2.3211605802901447,0.03405011910852304
2.325162581290645,0.014587121208540367
2.3291645822911455,0.018801741095032756
2.3331665832916455,0.02782430190802329
2.337168584292146,0.01923507697750102
2.3411705852926463,0.019215712108191188
2.3451725862931463,0.012462650034571249
2.3491745872936467,0.020916087893449887
2.353176588294147,0.020536936945650987
2.357178589294647,0.024476771315432265
2.3611805902951475,0.02374220657928616
2.3651825912956475,0.024202106196172607
2.369184592296148,0.01758614498774562
2.3731865932966483,0.016392318024835723
2.3771885942971482,0.022380312044656663
2.3811905952976486,0.01912740713364385
2.385192596298149,0.018289501417309114
2.389194597298649,0.014351090656541885
2.3931965982991494,0.0273711039219314
2.39719859929965,0.007861247268090506
2.40120060030015,0.024339276773240444
2.4052026013006502,0.03231706684825882
2.40920460230115,0.004496479069967044
2.4132066033016506,0.014370781184910652
2.417208604302151,0.022561759800131337
2.421210605302651,0.014658816839727924
2.4252126063031514,0.016695144222137852
2.429214607303652,0.021158673379340378
2.4332166083041518,0.019029891931069014
2.437218609304652,0.012369635587946121
2.4412206103051526,0.022129512217765726
2.4452226113056525,0.018786025614966673
2.449224612306153,0.020974673997568073
2.4532266133066534,0.021341753487652913
2.4572286143071533,0.02410236401637729
2.4612306153076537,0.01628253059657998
2.4652326163081537,0.016117801420977032
2.469234617308654,0.02777873752706426
2.4732366183091545,0.012035762862594817
2.4772386193096545,0.014575658318197852
2.481240620310155,0.021178578143155873
2.4852426213106553,0.02262166974571291
2.4892446223111553,0.017744790306661328
2.4932466233116557,0.005967320342875258
2.497248624312156,0.018848751066054853
2.501250625312656,0.027064293658863828
2.5052526263131565,0.012665394591807797
2.5092546273136564,0.02002111499678341
2.513256628314157,0.024223599875412005
2.5172586293146573,0.015457215943363953
2.5212606303151572,0.01773065551282269
2.5252626313156576,0.016234597800673684
2.529264632316158,0.015885909097430803
2.533266633316658,0.012827997267855131
2.5372686343171584,0.030208750376528253
2.541270635317659,0.028151267212530195
2.545272636318159,0.019503073682025647
2.549274637318659,0.023810750213153778
2.553276638319159,0.02941401391254577
2.5572786393196596,0.021397058186235534
2.56128064032016,0.030135724447763558
2.56528264132066,0.023059686093227377
2.5692846423211604,0.024923365683447815
2.573286643321661,0.016202579551598786
2.5772886443221608,0.01059826181816007
2.581290645322661,0.018317308248492516
2.5852926463231616,0.022739341560346665
2.5892946473236615,0.021442728411087617
2.593296648324162,0.01697441948125781
2.597298649324662,0.012696265242104819
2.6013006503251623,0.02661248015135642
2.6053026513256627,0.024189835642808126
2.6093046523261627,0.01984245327687706
2.613306653326663,0.02630741841195313
2.6173086543271635,0.016082947114016692
2.6213106553276635,0.020618056004442494
2.625312656328164,0.015707739369283633
2.6293146573286643,0.024550386119098863
2.6333166583291643,0.014758488101178607
2.6373186593296647,0.021610340754205013
2.641320660330165,0.02050031385407209
2.645322661330665,0.0318619238857258
2.6493246623311655,0.014463828018383612
2.6533266633316654,0.028753688009686473
2.657328664332166,0.016111864010077755
2.6613306653326663,0.023071218583116258
2.6653326663331662,0.01974019812371009
2.6693346673336666,0.013906430740680212
2.673336668334167,0.01488948752467149
2.677338669334667,0.024946041549264067
2.6813406703351674,0.02179163840869002
2.685342671335668,0.021316088952845032
2.689344672336168,0.017338324956644384
2.693346673336668,0.01566368648409518
2.697348674337168,0.01185941316930791
2.7013506753376686,0.021504076469733416
2.705352676338169,0.023027793676388804
2.709354677338669,0.01964904408258705
2.7133566783391694,0.014961176329613114
2.71735867933967,0.014753637923817052
2.7213606803401698,0.020580072629828316
2.72536268134067,0.017272555463243022
2.7293646823411706,0.016949872055994655
2.7333666833416705,0.021413440926842754
2.737368684342171,0.030676428664787175
2.741370685342671,0.012145054380147907
2.7453726863431713,0.011029502718968461
2.7493746873436717,0.022654323046950798
2.7533766883441717,0.01807270992022026
2.757378689344672,0.016956784748922232
2.7613806903451725,0.030243144445359957
2.7653826913456725,0.018282740586597197
2.769384692346173,0.025330573400350446
2.7733866933466733,0.017605064316878957
2.7773886943471733,0.020240975955102488
2.7813906953476737,0.02827910799601343
2.785392696348174,0.013476893086543398
2.789394697348674,0.031004673230900812
2.7933966983491745,0.019549978006879805
2.7973986993496744,0.02445559746687289
2.801400700350175,0.015572132749811621
2.8054027013506753,0.025455369895285962
2.8094047023511752,0.01887232531143491
2.8134067033516756,0.021930999684788753
2.817408704352176,0.016908435131564502
2.821410705352676,0.016519921945193538
2.8254127063531764,0.021218990352343224
2.829414707353677,0.027256246323924326
2.833416708354177,0.026388855551598644
2.837418709354677,0.01322866722186715
2.841420710355177,0.018849696937367755
2.8454227113556776,0.02692825809528584
2.849424712356178,0.024462767214553368
2.853426713356678,0.015535110198964062
2.8574287143571784,0.02030135818248542
2.861430715357679,0.02211633320742941
2.8654327163581788,0.01362813074179137
2.869434717358679,0.02098053883022203
2.8734367183591796,0.017858615763643528
2.8774387193596795,0.022360688142802763
2.88144072036018,0.02681630359868571
2.88544272136068,0.02225440173990928
2.8894447223611803,0.02021107278791913
2.8934467233616807,0.015252993624466981
2.8974487243621807,0.02684047715887522
2.901450725362681,0.025915026739394203
2.9054527263631815,0.019501395664262334
2.9094547273636815,0.021421669904922745
2.913456728364182,0.023402424801715793
2.9174587293646823,0.028639330117146436
2.9214607303651823,0.01756264984778451
2.9254627313656827,0.0193597039160689
2.929464732366183,0.010765299124890056
2.933466733366683,0.021604601933461875
2.9374687343671835,0.02046953302044994
2.9414707353676834,0.013714774415141478
2.945472736368184,0.02429649633990449
2.9494747373686843,0.017049270743628143
2.9534767383691842,0.018106560951255537
2.9574787393696846,0.020661935330843945
2.961480740370185,0.021475714079244968
2.965482741370685,0.026355271886905108
2.9694847423711854,0.017358271645969457
2.973486743371686,0.02651080923350016
2.977488744372186,0.019708251555154557
2.981490745372686,0.01701402424950617
2.985492746373186,0.02323742218516789
2.9894947473736866,0.010313495480665704
2.993496748374187,0.025256413978897087
2.997498749374687,0.023533432090589012
3.0015007503751874,0.013565723523894247
3.005502751375688,0.010709777033358214
3.0095047523761878,0.023652182646423325
3.013506753376688,0.03419798140173584
3.0175087543771886,0.017848197530952858
3.0215107553776885,0.019337102692164997
3.025512756378189,0.02384430519464593
3.029514757378689,0.02046887002503496
3.0335167583791893,0.022862711822158554
3.0375187593796897,0.011683217498786782
3.0415207603801897,0.023183082908119053
3.04552276138069,0.015210030195643091
3.0495247623811905,0.02168393962211973
3.0535267633816905,0.022953799793639294
3.057528764382191,0.015891043239680925
3.0615307653826913,0.014829897495334799
3.0655327663831913,0.019613977776112377
3.0695347673836917,0.014859376547965278
3.0735367683841917,0.02097458062136497
3.077538769384692,0.016916169351166785
3.0815407703851925,0.02120252941611728
3.0855427713856924,0.017374939525159772
3.089544772386193,0.027188300187534292
3.0935467733866933,0.02243623494843213
3.0975487743871932,0.01562348392430591
3.1015507753876936,0.01732318604611299
3.105552776388194,0.02692904309775926
3.109554777388694,0.025522361441748558
3.1135567783891944,0.027974237120212228
3.117558779389695,0.019349322160279365
3.121560780390195,0.019530189147291793
3.125562781390695,0.01576747039287779
3.129564782391195,0.026625557767751475
3.1335667833916956,0.016956488558678467
3.137568784392196,0.01734428625096668
3.141570785392696,0.029190769883096913
3.1455727863931964,0.025686970765760923
3.149574787393697,0.02352843617036739
3.1535767883941968,0.01693185047767633
3.157578789394697,0.034075192202695496
3.1615807903951976,0.01730323425133182
3.1655827913956975,0.020314614020552357
3.169584792396198,0.01679436090844326
3.173586793396698,0.029634168371097624
3.1775887943971983,0.0187352502485418
3.1815907953976987,0.02691245938116505
3.1855927963981987,0.02108905673832826
3.189594797398699,0.025748613665629572
3.1935967983991995,0.018802376587474676
3.1975987993996995,0.01783843633366855
3.2016008004002,0.01549667578125272
3.2056028014007003,0.027925442484098506
3.2096048024012003,0.022655500576570474
3.2136068034017007,0.025366214290856663
3.2176088044022007,0.02873053396397435
3.221610805402701,0.018882193314108783
3.2256128064032015,0.019309389772495814
3.2296148074037014,0.012600213398690562
3.233616808404202,0.01731989850677215
3.2376188094047023,0.01686728913756135
3.2416208104052022,0.02357451888881925
3.2456228114057026,0.01962193156270769
3.249624812406203,0.017004219294457716
3.253626813406703,0.016185656843092092
3.2576288144072034,0.02335414878972407
3.261630815407704,0.032183840128551265
3.265632816408204,0.008498446754300922
3.269634817408704,0.022447677377182933
3.273636818409204,0.020403361446644366
3.2776388194097046,0.01708922211267861
3.281640820410205,0.02488780602354553
3.285642821410705,0.01610553274767621
3.2896448224112054,0.024700649650915205
3.293646823411706,0.021610807752928684
3.2976488244122057,0.014175431329342913
3.301650825412706,0.018625222630475283
3.3056528264132066,0.024840403577370287
3.3096548274137065,0.024834031135832553
3.313656828414207,0.01874462326809897
3.317658829414707,0.02806432596281159
3.3216608304152073,0.01538436760962832
3.3256628314157077,0.03212603657620822
3.3296648324162077,0.02161786735015441
3.333666833416708,0.014128481896111534
3.3376688344172085,0.01764581031860865
3.3416708354177085,0.022179938862748196
3.345672836418209,0.01736512285160876
3.3496748374187093,0.021132834304139536
3.3536768384192093,0.025861519964579943
3.3576788394197097,0.022196565771946467
3.3616808404202096,0.019590438688570817
3.36568284142071,0.028533762594401303
3.3696848424212105,0.017720412308914767
3.3736868434217104,0.028270851965132245
3.377688844422211,0.020512589923247764
3.3816908454227113,0.01877519216829363
3.385692846423211,0.01911390488835917
3.3896948474237116,0.013245936598218138
3.393696848424212,0.019268177251761453
3.397698849424712,0.019824729113235285
3.4017008504252124,0.01841347727864048
3.405702851425713,0.011095420163166057
3.409704852426213,0.021048171125996516
3.413706853426713,0.024478176911136507
3.417708854427213,0.016584900419254776
3.4217108554277136,0.030762220680951337
3.425712856428214,0.021309416350436223
3.429714857428714,0.01929134374971729
3.4337168584292144,0.021338535451441126
3.437718859429715,0.020239321335098214
3.4417208604302147,0.02223355014214567
3.445722861430715,0.0182889572432173
3.4497248624312156,0.02069367336436519
3.4537268634317155,0.021153180845231268
3.457728864432216,0.02296878120201719
3.461730865432716,0.024646413156276782
3.4657328664332163,0.014711663069549907
3.4697348674337167,0.01609053989649282
3.4737368684342167,0.017726846431980366
3.477738869434717,0.026231636764562867
3.4817408704352175,0.020237099094898438
3.4857428714357175,0.016739167879506984
3.489744872436218,0.020406736780577757
3.4937468734367183,0.014427781472476298
3.4977488744372183,0.018401930340000244
3.5017508754377187,0.027167681840287367
3.5057528764382186,0.006901411572112135
3.509754877438719,0.018401217307014803
3.5137568784392195,0.012580900690539078
3.5177588794397194,0.02406929677144367
3.52176088044022,0.030083687871803565
3.5257628814407203,0.02022878479982635
3.52976488244122,0.015650348324141937
3.5337668834417206,0.019325067835747806
3.537768884442221,0.015395479138437675
3.541770885442721,0.02405375613241556
3.5457728864432214,0.02361248748810803
3.549774887443722,0.017027306657119767
3.553776888444222,0.024008000332800747
3.557778889444722,0.028753837035119675
3.561780890445222,0.013399178243524422
3.5657828914457226,0.02748979042744102
3.569784892446223,0.01114871820521055
3.573786893446723,0.026033524128282436
3.5777888944472234,0.021627653752959584
3.5817908954477238,0.01982771864459366
3.5857928964482237,0.0162359547343554
3.589794897448724,0.025739632156331838
3.5937968984492246,0.019217840509982806
3.5977988994497245,0.026989760011810398
3.601800900450225,0.021363687418997922
3.605802901450725,0.024985178370649678
3.6098049024512253,0.02374323750688829
3.6138069034517257,0.015870926588344127
3.6178089044522257,0.01882006472646185
3.621810905452726,0.01824038214110974
3.6258129064532265,0.02036711878935647
3.6298149074537265,0.011005653230708037
3.633816908454227,0.024654393856902445
3.6378189094547273,0.02665830399419158
3.6418209104552273,0.016490173414208914
3.6458229114557277,0.0229146241520468
3.6498249124562276,0.028712065041123017
3.653826913456728,0.027980229409364288
3.6578289144572285,0.018080804231409203
3.6618309154577284,0.030726529342622787
3.665832916458229,0.019179487175931535
3.6698349174587293,0.020177033687937843
3.673836918459229,0.015263160736023674
3.6778389194597296,0.018422452252108416
3.68184092046023,0.014646944841259767
3.68584292146073,0.026580467262427965
3.6898449224612304,0.02238237521328877
3.6938469234617304,0.03047977761201432
3.697848924462231,0.011769882068108814
3.701850925462731,0.017534406544912
3.705852926463231,0.028977693713294984
3.7098549274637316,0.020024978693325358
3.713856928464232,0.01720731667933402
3.717858929464732,0.024746518651011653
3.7218609304652324,0.014707993744463937
3.7258629314657328,0.018958666552202526
3.7298649324662327,0.026814592535786302
3.733866933466733,0.022005650903307413
3.7378689344672336,0.013586153896294417
3.7418709354677335,0.014402597580166498
3.745872936468234,0.011376790628747703
3.749874937468734,0.02799960504343156
3.7538769384692343,0.017641034007683663
3.7578789394697347,0.002081558787637678
3.7618809404702347,0.016523228573812047
3.765882941470735,0.014370640710346393
3.7698849424712355,0.018214976784289412
3.7738869434717355,0.014213268458761506
3.777888944472236,0.0252266132691115
3.7818909454727363,0.0167543477051001
3.7858929464732363,0.027412652456473702
3.7898949474737367,0.016969958061803826
3.7938969484742366,0.01960936040092066
3.797898949474737,0.017572199533926205
3.8019009504752375,0.017401930767117397
3.8059029514757374,0.02177518120379579
3.809904952476238,0.0132929932252186
3.8139069534767382,0.026780656362708898
3.817908954477238,0.02644609304125311
3.8219109554777386,0.017640800625887722
3.825912956478239,0.018228085003274327
3.829914957478739,0.019758560887140866
3.8339169584792394,0.023126768249033043
3.8379189594797394,0.019992293711009374
3.84192096048024,0.02872128980635691
3.84592296148074,0.023111412074955925
3.84992496248124,0.012683081940182778
3.8539269634817406,0.014493383838662253
3.857928964482241,0.027951422526308806
3.861930965482741,0.014539046285495683
3.8659329664832414,0.019189001819556864
3.8699349674837418,0.025251552339664012
3.8739369684842417,0.019474539665914933
3.877938969484742,0.012059095172228824
3.8819409704852426,0.021288564751376058
3.8859429714857425,0.011467316249817392
3.889944972486243,0.01958292366938878
3.893946973486743,0.022866770669977377
3.8979489744872433,0.02346062821188964
3.9019509754877437,0.011474503160819256
3.9059529764882437,0.020680236087491297
3.909954977488744,0.017900835465551768
3.9139569784892445,0.020103927793108607
3.9179589794897445,0.025656040501941705
3.921960980490245,0.023811038618911717
3.9259629814907453,0.019730087042392312
3.9299649824912453,0.015686564966490242
3.9339669834917457,0.02828176816894199
3.9379689844922456,0.01803961428759941
3.941970985492746,0.006589060030241754
3.9459729864932465,0.01988773491922463
3.9499749874937464,0.025638825788712037
3.953976988494247,0.022174732811523972
3.9579789894947472,0.015358882129880437
3.961980990495247,0.020404723463042822
3.9659829914957476,0.02825600972241274
3.969984992496248,0.018805699084702997
3.973986993496748,0.027907803543210437
3.9779889944972484,0.02998070267835594
3.9819909954977484,0.020453474295451704
3.985992996498249,0.020238150974289326
3.989994997498749,0.026468788380714852
3.993996998499249,0.016710334285331085
3.9979989994997496,0.020128918469598595
4.0020010005002495,0.01736935946980756
4.00600300150075,0.018147521143431475
4.01000500250125,0.0194707361432135
4.01400700350175,0.020101255470811014
4.018009004502251,0.028855999541864796
4.022011005502751,0.019140515430739313
4.026013006503251,0.026588111031874653
4.030015007503752,0.02115971813615352
4.034017008504252,0.018695996261402344
4.038019009504752,0.021507524286897783
4.042021010505253,0.016096393043820312
4.046023011505753,0.025179936792518256
4.050025012506253,0.024419903012267062
4.054027013506753,0.015315388847540672
4.0580290145072535,0.019325034526378262
4.0620310155077535,0.02553503036738804
4.066033016508253,0.02167147168987439
4.070035017508754,0.01979056543421436
4.074037018509254,0.02966126449154858
4.078039019509754,0.014934755945202672
4.082041020510255,0.013955190764833932
4.086043021510755,0.01948627713053297
4.090045022511255,0.029032360918081625
4.094047023511756,0.024661962858470308
4.098049024512256,0.018776761981945497
4.102051025512756,0.013177540191232563
4.106053026513257,0.025576266377559755
4.110055027513757,0.012309572548952395
4.114057028514257,0.0237297387834984
4.118059029514757,0.030070441516431987
4.122061030515257,0.02071269595472965
4.126063031515757,0.03158117452541356
4.130065032516258,0.019856149307082478
4.134067033516758,0.016768704802588425
4.138069034517258,0.01939401765753748
4.142071035517759,0.030150704452393783
4.146073036518259,0.019772465924818534
4.150075037518759,0.022507532958675653
4.154077038519259,0.01531057922685315
4.15807903951976,0.012667174322418762
4.16208104052026,0.021048666707581713
4.16608304152076,0.02028069132766431
4.1700850425212606,0.015729853810755066
4.1740870435217605,0.02309791935350188
4.1780890445222605,0.01872144727690229
4.182091045522761,0.021289294853320852
4.186093046523261,0.020487482009515796
4.190095047523761,0.022467009435697707
4.194097048524262,0.025183978028761923
4.198099049524762,0.00669539140005004
4.202101050525262,0.02169611281280614
4.206103051525763,0.024384479889888008
4.210105052526263,0.024573689935491
4.214107053526763,0.02413670893015727
4.218109054527264,0.00697748028575583
4.222111055527764,0.008140261824838332
4.226113056528264,0.023664172354488415
4.2301150575287645,0.02264881439591169
4.2341170585292645,0.01855808368790253
4.238119059529764,0.022526003880644754
4.242121060530264,0.019130753631590888
4.246123061530765,0.01615647995878188
4.250125062531265,0.01620008632839405
4.254127063531765,0.020373331562219762
4.258129064532266,0.027265414295529755
4.262131065532766,0.02531349748910234
4.266133066533266,0.024698221346856654
4.270135067533767,0.017624624542282606
4.274137068534267,0.019011087397139453
4.278139069534767,0.021267163014243508
4.282141070535268,0.0208424755415495
4.286143071535768,0.01598586094562392
4.2901450725362675,0.018473157470364113
4.294147073536768,0.026443500801085863
4.298149074537268,0.022751072877193357
4.302151075537768,0.028195897886098303
4.306153076538269,0.016898075427347163
4.310155077538769,0.02444894768075496
4.314157078539269,0.01604135713914287
4.31815907953977,0.02288369253887608
4.32216108054027,0.018139437639560184
4.32616308154077,0.0157372543937612
4.330165082541271,0.022118377332562892
4.334167083541771,0.019636210906046125
4.338169084542271,0.020002852788904985
4.342171085542771,0.027389500048245093
4.3461730865432715,0.018179983062293657
4.3501750875437715,0.02017666997780961
4.354177088544271,0.016125519227496523
4.358179089544772,0.014059828956219642
4.362181090545272,0.0227177343848819
4.366183091545772,0.02654866182739251
4.370185092546273,0.010520814119743203
4.374187093546773,0.017502163541039353
4.378189094547273,0.025025816491260587
4.382191095547774,0.017417382746547364
4.386193096548274,0.023581028780460724
4.390195097548774,0.023347689755571673
4.394197098549275,0.021219377289289545
4.398199099549775,0.021368060479549453
4.402201100550275,0.009941884300918776
4.406203101550775,0.02718315217421601
4.410205102551275,0.020794485978519975
4.414207103551775,0.02425648551691287
4.418209104552276,0.007759730202332947
4.422211105552776,0.013825871535149255
4.426213106553276,0.020852263775841578
4.430215107553777,0.017752523533496427
4.434217108554277,0.02401805773209133
4.438219109554777,0.013360222201987928
4.442221110555277,0.013513100270116424
4.446223111555778,0.02408638330290682
4.450225112556278,0.025878483554497032
4.454227113556778,0.023545825302251376
4.4582291145572785,0.019829892022466093
4.4622311155577785,0.01916592896913785
4.4662331165582785,0.01836888375304157
4.470235117558779,0.021257497609379557
4.474237118559279,0.021632152824655422
4.478239119559779,0.01953666881795621
4.48224112056028,0.013450902948281752
4.48624312156078,0.018617706344629396
4.49024512256128,0.02242243495076154
4.494247123561781,0.0208963381384822
4.498249124562281,0.013747869677239863
4.502251125562781,0.02010498975106223
4.506253126563282,0.020727980011636674
4.510255127563782,0.014762272297533964
4.514257128564282,0.02468688121890108
4.5182591295647825,0.029341878628823106
4.5222611305652824,0.00809777353689429
4.526263131565782,0.022952858076109476
4.530265132566282,0.015392485208662782
4.534267133566783,0.01933039244065384
4.538269134567283,0.02228275808252739
4.542271135567783,0.0177430647000785
4.546273136568284,0.025106307193775428
4.550275137568784,0.017146289305975948
4.554277138569284,0.021696251862278963
4.558279139569785,0.021201009169873275
4.562281140570285,0.014389408404017482
4.566283141570785,0.017133753622822497
4.570285142571286,0.026445300949306978
4.574287143571786,0.021038379039059724
4.5782891445722855,0.028853105763905602
4.582291145572786,0.023203666127778737
4.586293146573286,0.014892358312284505
4.590295147573786,0.024081886961871808
4.594297148574287,0.01385662755847636
4.598299149574787,0.020827895509834358
4.602301150575287,0.02303606847144862
4.606303151575788,0.021350325810341034
4.610305152576288,0.010738872749263648
4.614307153576788,0.018682775180746333
4.618309154577289,0.015982949405111017
4.622311155577789,0.016079877033102825
4.626313156578289,0.021840173648278966
4.630315157578789,0.022804164817324543
4.6343171585792895,0.01536213740982883
4.6383191595797895,0.026402582446397052
4.642321160580289,0.021485974186129585
4.64632316158079,0.023163872437086463
4.65032516258129,0.029672946235265736
4.65432716358179,0.026260240626048297
4.658329164582291,0.02085321150479307
4.662331165582791,0.0257547555212525
4.666333166583291,0.024054490158025292
4.670335167583792,0.016108370862205828
4.674337168584292,0.022405681610244615
4.678339169584792,0.019934080231996016
4.682341170585293,0.022811647278143384
4.686343171585793,0.023110535725294548
4.690345172586293,0.012985763428030194
4.694347173586793,0.020594936268993294
4.698349174587293,0.015738120632360506
4.702351175587793,0.02239182756656996
4.706353176588294,0.022594176367676858
4.710355177588794,0.012350829428229902
4.714357178589294,0.015959499661952307
4.718359179589794,0.023491522407740176
4.722361180590295,0.015634040129550105
4.726363181590795,0.010755866905899508
4.730365182591295,0.015910265886682647
4.734367183591796,0.01824492776678436
4.738369184592296,0.02398687690490117
4.742371185592796,0.018273102396304548
4.7463731865932965,0.026688414876045063
4.7503751875937965,0.02047802889058042
4.7543771885942965,0.01953847068366966
4.758379189594797,0.025214946788151775
4.762381190595297,0.006455978439898263
4.766383191595797,0.018725174946291404
4.770385192596298,0.018149077108793973
4.774387193596798,0.025052762512493727
4.778389194597298,0.017175007897001354
4.782391195597799,0.021734831963922504
4.786393196598299,0.021099062647754147
4.790395197598799,0.020476133142894405
4.7943971985993,0.024219404893053652
4.7983991995998,0.021610678472149748
4.8024012006003,0.017794639543989913
4.8064032016008005,0.016238751821353252
4.8104052026013004,0.017343513164926834
4.8144072036018,0.009131848870914542
4.8184092046023,0.017444689132614474
4.822411205602801,0.017992345130541633
4.826413206603301,0.01751394500150066
4.830415207603801,0.021043173171744735
4.834417208604302,0.022984732291236997
4.838419209604802,0.02490805973468438
4.842421210605302,0.017528268776964805
4.846423211605803,0.02426709970479271
4.850425212606303,0.031239541638023907
4.854427213606803,0.022260390166774745
4.858429214607304,0.02723998303353677
4.862431215607804,0.02031795369761176
4.8664332166083035,0.018320116171321784
4.870435217608804,0.02784235476828626
4.874437218609304,0.021959685585865054
4.878439219609804,0.010584583451859761
4.882441220610305,0.02561319258728282
4.886443221610805,0.016202372585398434
4.890445222611305,0.016202489533419764
4.894447223611806,0.022205221473927866
4.898449224612306,0.020984078415660037
4.902451225612806,0.018014527897738386
4.906453226613307,0.020460845013064482
4.910455227613807,0.019357260728245278
4.914457228614307,0.019803274061748463
4.918459229614807,0.026802322963443963
4.9224612306153075,0.027892107005287242
4.9264632316158075,0.0148249451550449
4.930465232616307,0.022408260968719496
4.934467233616808,0.02171458035957586
4.938469234617308,0.023687758295774474
4.942471235617808,0.02105037159950378
4.946473236618309,0.02853782962099542
4.950475237618809,0.01624615565447158
4.954477238619309,0.027151742843432587
4.95847923961981,0.029821117550459346
4.96248124062031,0.01837114250106803
4.96648324162081,0.01067398865271208
4.970485242621311,0.01955567129006711
4.974487243621811,0.02795119179467282
4.978489244622311,0.02116276632163817
4.982491245622811,0.017464791184971656
4.986493246623311,0.022991837657895548
4.990495247623811,0.02576669663666925
4.994497248624312,0.01958728999770652
4.998499249624812,0.017219312545692783
5.002501250625312,0.02279508589641015
5.006503251625812,0.024156029986369232
5.010505252626313,0.02293011580038319
5.014507253626813,0.020021720840044527
5.018509254627313,0.012572138214628293
5.022511255627814,0.018242911149231777
5.026513256628314,0.015868442535213745
5.030515257628814,0.013985560511991464
5.0345172586293145,0.01790615478806754
5.0385192596298145,0.02626613902082465
5.0425212606303145,0.01655531252275543
5.046523261630815,0.01390840713471857
5.050525262631315,0.031578917773749084
5.054527263631815,0.016295197600302444
5.058529264632316,0.020319302151148404
5.062531265632816,0.015606357068989274
5.066533266633316,0.022472959593016158
5.070535267633817,0.02041348288420302
5.074537268634317,0.023297605669387832
5.078539269634817,0.01585720245081069
5.082541270635318,0.017657846219061732
5.086543271635818,0.024128848840069397
5.090545272636318,0.026216287100315934
5.0945472736368185,0.015057990361644756
5.098549274637318,0.028305675189561574
5.102551275637818,0.019356236066411667
5.106553276638318,0.014079324870050095
5.110555277638819,0.0102062621279546
5.114557278639319,0.01544594809427896
5.118559279639819,0.035295992919943654
5.12256128064032,0.014426640880979653
5.12656328164082,0.010626054953462012
5.13056528264132,0.01567431367520475
5.134567283641821,0.020793644254850783
5.138569284642321,0.024272586090767066
5.142571285642821,0.02038897922746815
5.146573286643322,0.0295835044182703
5.1505752876438216,0.017447335402327967
5.1545772886443215,0.029030901074013505
5.158579289644822,0.017786572979577715
5.162581290645322,0.0071784080275212325
5.166583291645822,0.01863385320268135
5.170585292646323,0.018574188499135717
5.174587293646823,0.019603588303204952
5.178589294647323,0.02364264429085314
5.182591295647824,0.024163712003998018
5.186593296648324,0.011360341040108171
5.190595297648824,0.022210182081218232
5.194597298649324,0.021157952915452367
5.198599299649825,0.025388984667951774
5.202601300650325,0.02683509606075458
5.206603301650825,0.027303790197456355
5.2106053026513255,0.023759937694534897
5.2146073036518255,0.028217554448686594
5.218609304652325,0.029756350054872805
5.222611305652826,0.02592725832895046
5.226613306653326,0.03578949987592449
5.230615307653826,0.03878852719020124
5.234617308654327,0.030261980716874276
5.238619309654827,0.030009332890216647
5.242621310655327,0.04106069412398785
5.246623311655828,0.032527377790426436
5.250625312656328,0.03855230247456971
5.254627313656828,0.046671166406765385
5.258629314657329,0.046291923236705765
5.262631315657829,0.05411618957345757
5.266633316658329,0.05572715263997562
5.270635317658829,0.06237234909471789
5.274637318659329,0.07144346026069402
5.278639319659829,0.07406551884050301
5.28264132066033,0.07765292130340407
5.28664332166083,0.09241069023273335
5.29064532266133,0.10126374721048378
5.29464732366183,0.10841503164195096
5.298649324662331,0.12173677801171542
5.302651325662831,0.12808270435606775
5.306653326663331,0.13194850861376986
5.310655327663832,0.15703179303045342
5.314657328664332,0.16800697151855437
5.318659329664832,0.19475595535724016
5.3226613306653325,0.19373104107509284
5.3266633316658325,0.22278316751508281
5.3306653326663325,0.24228158472359385
5.334667333666833,0.25858788457396226
5.338669334667333,0.2808780860915028
5.342671335667833,0.2969929718461601
5.346673336668334,0.3347702904767854
5.350675337668834,0.34910686694667414
5.354677338669334,0.3687376788532973
5.358679339669835,0.40710507469053314
5.362681340670335,0.43531520566720133
5.366683341670835,0.4584621322511242
5.370685342671336,0.4898839890800202
5.374687343671836,0.5327501396537548
5.378689344672336,0.5490443636752729
5.3826913456728365,0.5790252890451979
5.386693346673336,0.612382909175043
5.390695347673836,0.6355285008687795
5.394697348674336,0.6773789962641609
5.398699349674837,0.696185155946455
5.402701350675337,0.7286665156004736
5.406703351675837,0.7536427166078944
5.410705352676338,0.7866517329331619
5.414707353676838,0.8057363168551935
5.418709354677338,0.845305987139125
5.422711355677839,0.860881746530851
5.426713356678339,0.8755283770551706
5.430715357678839,0.8981407213219473
5.43471735867934,0.9194651463608224
5.4387193596798395,0.9304357036198486
5.4427213606803395,0.9401693862175233
5.44672336168084,0.9531787298316806
5.45072536268134,0.9661845666154462
5.45472736368184,0.9688461135829436
5.458729364682341,0.968694382346026
5.462731365682841,0.952714614418387
5.466733366683341,0.9255651458005161
5.470735367683842,0.8979885352888154
5.474737368684342,0.8689789035951608
5.478739369684842,0.8295035051181753
5.482741370685342,0.8141961122816296
5.486743371685843,0.7717075485164978
5.490745372686343,0.7257290165349115
5.494747373686843,0.7003381685996531
5.4987493746873435,0.671170952373335
5.5027513756878434,0.6292226897091097
5.506753376688343,0.5950496022099769
5.510755377688844,0.5627263858566952
5.514757378689344,0.5362128170244408
5.518759379689844,0.49784914451021833
5.522761380690345,0.4581375182535634
5.526763381690845,0.43680382013461455
5.530765382691345,0.3983228004573835
5.534767383691846,0.37064657581335
5.538769384692346,0.3497580608546214
5.542771385692846,0.3128505977209747
5.546773386693347,0.2910273928704026
5.550775387693847,0.27503420633636005
5.554777388694347,0.25800014937242616
5.558779389694847,0.2329538752905923
5.562781390695347,0.20197084380058206
5.566783391695847,0.19252022497301163
5.570785392696348,0.17778179737374558
5.574787393696848,0.1602918312870108
5.578789394697348,0.15296367452013568
5.582791395697848,0.13231665610657917
5.586793396698349,0.12935094433286656
5.590795397698849,0.11094379409246166
5.594797398699349,0.1042268323292588
5.59879939969985,0.08528869245186972
5.60280140070035,0.07389746564463714
5.60680340170085,0.07324033638773446
5.6108054027013505,0.07714287173765903
5.6148074037018505,0.0633619238488323
5.6188094047023505,0.0598768795192826
5.622811405702851,0.052053231660201774
5.626813406703351,0.048598489373380876
5.630815407703851,0.046857290593406584
5.634817408704352,0.052217812908708805
5.638819409704852,0.03509256745268317
5.642821410705352,0.03591470054738678
5.646823411705853,0.03540677730500561
5.650825412706353,0.03670595993731877
5.654827413706853,0.024426890672003276
5.658829414707354,0.032405115005926424
5.662831415707854,0.028528631330802454
5.666833416708354,0.030875277606188876
5.670835417708854,0.025267545827785565
5.674837418709354,0.02119730232134534
5.678839419709854,0.026165589691639533
5.682841420710354,0.028311630342513695
5.686843421710855,0.020555411506217546
5.690845422711355,0.024122448912978493
5.694847423711855,0.010198485538106082
5.698849424712356,0.019978544234552382
5.702851425712856,0.018441303727034612
5.706853426713356,0.02706638222710084
5.710855427713857,0.016666773751019156
5.714857428714357,0.024592559838010626
5.718859429714857,0.021471028715980608
5.722861430715358,0.026778413015061744
5.7268634317158575,0.0021550598382415916
5.7308654327163575,0.0174383733995436
5.734867433716858,0.01893406494371385
5.738869434717358,0.02724203752464348
5.742871435717858,0.026324868749852372
5.746873436718359,0.02744207860886805
5.750875437718859,0.024233086478229346
5.754877438719359,0.018583579860805423
5.75887943971986,0.02536345896094051
5.76288144072036,0.019006205746884972
5.76688344172086,0.015490674385596875
5.77088544272136,0.015895634711649762
5.774887443721861,0.01848245776398841
5.778889444722361,0.02141995309418569
5.782891445722861,0.023180005985503984
5.7868934467233615,0.02230850196167683
5.7908954477238614,0.02770397675223176
5.794897448724361,0.025556351963500538
5.798899449724862,0.025865955555819446
5.802901450725362,0.020924165439455793
5.806903451725862,0.023634451335428484
5.810905452726363,0.031100811092102162
5.814907453726863,0.02722969639171024
5.818909454727363,0.037273356204035366
5.822911455727864,0.02831765098834359
5.826913456728364,0.03784269393533115
5.830915457728864,0.047784080402840115
5.834917458729365,0.05615534781753172
5.838919459729865,0.06279990840760889
5.842921460730365,0.07079170190303652
5.846923461730865,0.09517250482582039
5.850925462731365,0.11233621411628025
5.854927463731865,0.1207947510397668
5.858929464732366,0.15406747472142238
5.862931465732866,0.16992481808086518
5.866933466733366,0.1908256725604454
5.870935467733866,0.2202293557850292
5.874937468734367,0.2483906825569015
5.878939469734867,0.2846814066514884
5.882941470735367,0.3206226849369634
5.886943471735868,0.3659080611105812
5.890945472736368,0.39166402241451365
5.894947473736868,0.4357538753757106
5.8989494747373685,0.4684064790211817
5.9029514757378685,0.5190784579901967
5.9069534767383685,0.5451566855828943
5.910955477738869,0.579379888123055
5.914957478739369,0.6055955589359964
5.918959479739869,0.635414051859351
5.92296148074037,0.6514084811327184
5.92696348174087,0.6665097432149368
5.93096548274137,0.673768549894844
5.934967483741871,0.6514156288403432
5.938969484742371,0.608658702794456
5.942971485742871,0.5567618520884484
5.946973486743372,0.520691688155026
5.950975487743872,0.48145756792820243
5.954977488744372,0.4392884637188343
5.958979489744872,0.3971155213192318
5.962981490745372,0.36190982374937136
5.966983491745872,0.3352361491362058
5.970985492746372,0.2981472151795619
5.974987493746873,0.29167559233832097
5.978989494747373,0.26549593158017915
5.982991495747873,0.25611677848472825
5.986993496748374,0.2315480834431626
5.990995497748874,0.22831002988019156
5.994997498749374,0.2194180616721184
5.998999499749875,0.2124797798973145
6.003001500750375,0.20044999504753958
6.007003501750875,0.2089947141512177
6.011005502751376,0.22454407486702088
6.0150075037518755,0.2176184277812461
6.0190095047523755,0.22951189715178363
6.023011505752876,0.2379200072880671
6.027013506753376,0.24211854905017455
6.031015507753876,0.2506691871610742
6.035017508754377,0.2518332808333337
6.039019509754877,0.2554128432874891
6.043021510755377,0.27545813837628563
6.047023511755878,0.2793932122869507
6.051025512756378,0.28882678153122077
6.055027513756878,0.29365706670834973
6.059029514757378,0.30312503141980074
6.063031515757879,0.3047802557951789
6.067033516758379,0.31224092071844606
6.071035517758879,0.331717447614556
6.0750375187593795,0.3224962326879589
6.079039519759879,0.3293490346537586
6.083041520760379,0.3346919508367567
6.08704352176088,0.3537565202651066
6.09104552276138,0.34615714185189106
6.09504752376188,0.3527281306310731
6.099049524762381,0.3486961724712395
6.103051525762881,0.35983366669205197
6.107053526763381,0.36424816663677506
6.111055527763882,0.3624422156424384
6.115057528764382,0.3689029984757877
6.119059529764882,0.36239422994010156
6.123061530765383,0.3472354934832283
6.127063531765883,0.3395024411178512
6.1310655327663826,0.32747480333822
6.135067533766883,0.31896924491061573
6.139069534767383,0.29940269074168757
6.143071535767883,0.29696797944543196
6.147073536768383,0.27863434687403044
6.151075537768884,0.2716515956682852
6.155077538769384,0.2628982081468986
6.159079539769884,0.2484176791626396
6.163081540770385,0.2317259286681014
6.167083541770885,0.21921433118658623
6.171085542771385,0.21605067870929234
6.175087543771886,0.19935036112678875
6.179089544772386,0.18696973050807048
6.183091545772886,0.18154835722903034
6.1870935467733865,0.16700812066228346
6.1910955477738865,0.1628548447804435
6.1950975487743865,0.15355792802460475
6.199099549774887,0.14176604477506455
6.203101550775387,0.13609581232860868
6.207103551775887,0.13322955981864054
6.211105552776388,0.11906426616371557
6.215107553776888,0.11716244137350754
6.219109554777388,0.10602221674445818
6.223111555777889,0.1051322300201557
6.227113556778389,0.0960924872950139
6.231115557778889,0.0917692309481163
6.23511755877939,0.07798380872144793
6.23911955977989,0.07133853444610032
6.24312156078039,0.07362382601191075
6.24712356178089,0.07130771900305422
6.25112556278139,0.06809454290115174
6.25512756378189,0.055873368832286115
6.25912956478239,0.04968774794583762
6.263131565782891,0.05045004907798386
6.267133566783391,0.045293694727529366
6.271135567783891,0.04044489701021891
6.275137568784392,0.046191529256829164
6.279139569784892,0.038775555428159705
6.283141570785392,0.04570984061766387
6.287143571785893,0.02806666040665463
6.291145572786393,0.03910803498860695
6.295147573786893,0.038786537529987807
6.299149574787394,0.033119715333709616
6.3031515757878935,0.02439281701660918
6.3071535767883935,0.034120245800787166
6.311155577788894,0.02507657586903703
6.315157578789394,0.027328947953654262
6.319159579789894,0.026798227913122197
6.323161580790395,0.021842484988216868
6.327163581790895,0.022593726298819786
6.331165582791395,0.024211928276247758
6.335167583791896,0.025756392863103425
6.339169584792396,0.030017378465790473
6.343171585792896,0.024519149694258908
6.347173586793396,0.02472903906032168
6.351175587793897,0.016417873171608935
6.355177588794397,0.02170799087299333
6.359179589794897,0.022428376385093086
6.3631815907953975,0.026677045178203074
6.367183591795897,0.01622492510456492
6.371185592796397,0.01405440020027313
6.375187593796898,0.018985318018675937
6.379189594797398,0.018108297970319456
6.383191595797898,0.02759269505218963
6.387193596798399,0.01905685174858811
6.391195597798899,0.01708839563306218
6.395197598799399,0.01656063564495397
6.3991995997999,0.018725915729493853
6.4032016008004,0.024454131474589788
6.4072036018009,0.019610757597401766
6.411205602801401,0.017006337531979734
6.415207603801901,0.01447885068780249
6.4192096048024005,0.023599016538581513
6.423211605802901,0.016086230004435837
6.427213606803401,0.01915417643046069
6.431215607803901,0.020478888123160892
6.435217608804401,0.02241612657591371
6.439219609804902,0.033341796277953674
6.443221610805402,0.016425248532816995
6.447223611805902,0.017063262098534853
6.451225612806403,0.0219867669423509
6.455227613806903,0.01771066501805888
6.459229614807403,0.023048855587806973
6.463231615807904,0.018659904344638174
6.467233616808404,0.021044946442377026
6.471235617808904,0.021843228573724456
6.4752376188094045,0.008996547602909051
6.4792396198099045,0.019575525043484535
6.4832416208104044,0.019195675681667204
6.487243621810905,0.015980883188226297
6.491245622811405,0.017923839970384783
6.495247623811905,0.018278578271173036
6.499249624812406,0.02500478826318111
6.503251625812906,0.023449681641159424
6.507253626813406,0.027552948425489544
6.511255627813907,0.017857892570700258
6.515257628814407,0.016447789464214622
6.519259629814907,0.027077650809180683
6.523261630815408,0.017344622335144153
6.527263631815908,0.016311986722331587
6.531265632816408,0.012517946353641058
6.535267633816908,0.01700904348548081
6.539269634817408,0.03257809626943234
6.543271635817908,0.022434905747202173
6.547273636818408,0.01713051140258455
6.551275637818909,0.020469779083831
6.555277638819409,0.013902242300587283
6.559279639819909,0.026927029670457632
6.56328164082041,0.02950676986499355
6.56728364182091,0.016256312043660317
6.57128564282141,0.016757648687898148
6.575287643821911,0.019522414525411085
6.579289644822411,0.02332892649362954
6.583291645822911,0.023385999439614592
6.587293646823412,0.026668760136625662
6.5912956478239115,0.014203554143541922
6.5952976488244115,0.014811128080701057
6.599299649824912,0.020307966102405657
6.603301650825412,0.018715492621908338
6.607303651825912,0.019727611911320535
6.611305652826413,0.019449530013722134
6.615307653826913,0.023026511949065402
6.619309654827413,0.0123434509121911
6.623311655827914,0.02092700377003044
6.627313656828414,0.01609546533860302
6.631315657828914,0.026307224486762627
6.635317658829414,0.01700906620139646
6.639319659829915,0.01938331704220974
6.643321660830415,0.0317585448038832
6.647323661830915,0.02152410878087548
6.6513256628314155,0.025940281448439018
6.655327663831915,0.026222246810934168
6.659329664832415,0.019359444482589777
6.663331665832916,0.023246228714671774
6.667333666833416,0.03001648899991738
6.671335667833916,0.015970716274181805
6.675337668834417,0.02492170630684324
6.679339669834917,0.01902007046315424
6.683341670835417,0.024065226932583512
6.687343671835918,0.012100670706404535
6.691345672836418,0.01552607742884363
6.695347673836918,0.025676914600233764
6.699349674837419,0.011093984061328627
6.703351675837919,0.003800961209270603
6.7073536768384185,0.022168776457706856
6.711355677838919,0.028441843491118987
6.715357678839419,0.027847188394232336
6.719359679839919,0.01119427801963777
6.723361680840419,0.01561233631981673
6.72736368184092,0.0192868483545498
6.73136568284142,0.011129118612503288
6.73536768384192,0.018991824334004044
6.739369684842421,0.019713570056094882
6.743371685842921,0.022002283176954622
6.747373686843421,0.02214508904615594
6.751375687843922,0.021696750984560698
6.755377688844422,0.016355685548539365
6.759379689844922,0.00802364954405526
6.7633816908454225,0.02588878112053286
6.7673836918459225,0.019364434969058254
6.771385692846422,0.02180806134186963
6.775387693846923,0.0160682507785587
6.779389694847423,0.013734758518494896
6.783391695847923,0.02054283847058341
6.787393696848424,0.010971974821019501
6.791395697848924,0.02103415503269233
6.795397698849424,0.022674844726123473
6.799399699849925,0.02625423781541961
6.803401700850425,0.01783752078557767
6.807403701850925,0.019329785584186972
6.811405702851426,0.016641116716441084
6.815407703851926,0.022120721499797356
6.819409704852426,0.028717435604164995
6.823411705852926,0.019803528487788782
6.827413706853426,0.017063574241629974
6.831415707853926,0.01952321764808693
6.835417708854426,0.02695819465200265
6.839419709854927,0.027524718339645662
6.843421710855427,0.01607213574460585
6.847423711855927,0.023279168565875225
6.851425712856428,0.02865512366545769
6.855427713856928,0.014840826861001539
6.859429714857428,0.019501686108912265
6.863431715857929,0.017205744720180296
6.867433716858429,0.028055652144008895
6.871435717858929,0.026625180183275532
6.87543771885943,0.017967512500821632
6.8794397198599295,0.015257435758169513
6.8834417208604295,0.017882644582552957
6.88744372186093,0.030655838781437055
6.89144572286143,0.017485432317685578
6.89544772386193,0.023917635169376485
6.899449724862431,0.016943620499609555
6.903451725862931,0.022970512124201842
6.907453726863431,0.012274148119784261
6.911455727863931,0.01573734539690551
6.915457728864432,0.01839219364665566
6.919459729864932,0.024191464750232018
6.923461730865432,0.019048226651255058
6.927463731865933,0.016703060104782144
6.931465732866433,0.02068675279768898
6.935467733866933,0.01591383757878278
6.9394697348674335,0.02076480374491951
6.943471735867933,0.0284407396754679
6.947473736868433,0.02094762236734144
6.951475737868934,0.015011805875481506
6.955477738869434,0.02245432587917268
6.959479739869934,0.024818538269786406
6.963481740870435,0.017027665560744826
6.967483741870935,0.028550316170947925
6.971485742871435,0.014396440592451775
6.975487743871936,0.016444424037066613
6.979489744872436,0.028499464149752816
6.983491745872936,0.0192769646717166
6.987493746873437,0.02218876822585535
6.991495747873937,0.027150381165079066
6.9954977488744365,0.010447764743289607
6.999499749874937,0.014216392484781081
7.003501750875437,0.018615600856655576
7.007503751875937,0.018425162577304248
7.011505752876437,0.0218256079009487
7.015507753876938,0.01780636849917778
7.019509754877438,0.015431923048814938
7.023511755877938,0.018913177936369777
7.027513756878439,0.020526809201459252
7.031515757878939,0.01828063362622096
7.035517758879439,0.027283145067379083
7.03951975987994,0.01695313717480203
7.04352176088044,0.015253270465442358
7.04752376188094,0.020791020361137193
7.0515257628814405,0.01868393964003903
7.0555277638819405,0.023804901004263523
7.05952976488244,0.021282562782878427
7.063531765882941,0.0236510512994112
7.067533766883441,0.020395624380006805
7.071535767883941,0.024712898975485148
7.075537768884442,0.025823112955611523
7.079539769884942,0.01752081653313546
7.083541770885442,0.02222916427927665
7.087543771885943,0.027332216480424505
7.091545772886443,0.021028135338703267
7.095547773886943,0.014765149041217528
7.099549774887444,0.024847276221944884
7.103551775887944,0.022428169589405633
7.107553776888444,0.02026689747018535
7.1115557778889436,0.0139348983928134
7.115557778889444,0.02061984964063837
7.119559779889944,0.01165537083828926
7.123561780890444,0.02028576118531173
7.127563781890945,0.016446186315520972
7.131565782891445,0.018424040323001902
7.135567783891945,0.02171616496018116
7.139569784892446,0.017936923089918084
7.143571785892946,0.020351235337650472
7.147573786893446,0.03186379694242467
7.151575787893947,0.013534744103914725
7.155577788894447,0.015912449847338854
7.159579789894947,0.015713947442178557
7.1635817908954476,0.02206370556463652
7.1675837918959475,0.013542692043432902
7.1715857928964475,0.01933957749909676
7.175587793896948,0.020862462833865714
7.179589794897448,0.01789118325246914
7.183591795897948,0.016038877556952755
7.187593796898449,0.023447134533518557
7.191595797898949,0.015588015894956524
7.195597798899449,0.018306409128574806
7.199599799899949,0.019807821749756212
7.20360180090045,0.01275519474190134
7.20760380190095,0.02024394136557654
7.21160580290145,0.019288529398556596
7.215607803901951,0.02351529471378579
7.219609804902451,0.020499452870569403
7.223611805902951,0.016626865936877344
7.2276138069034515,0.0194266284239492
7.231615807903951,0.021087888558319966
7.235617808904451,0.019521187838133842
7.239619809904952,0.011722770185511022
7.243621810905452,0.014230435235493305
7.247623811905952,0.025170774049854103
7.251625812906453,0.01620384753424078
7.255627813906953,0.019677451480258158
7.259629814907453,0.022125602936439344
7.263631815907954,0.022658334941700706
7.267633816908454,0.028852540469165307
7.271635817908954,0.013390722435861903
7.275637818909455,0.028086967174626797
7.279639819909955,0.024300206046977028
7.2836418209104545,0.01494982433553593
7.287643821910955,0.02814795781204697
7.291645822911455,0.018689573944115922
7.295647823911955,0.018874477464566518
7.299649824912455,0.021314133085407336
7.303651825912956,0.019200676380919567
7.307653826913456,0.023180700810259032
7.311655827913956,0.018153269395484152
7.315657828914457,0.02152775227086523
7.319659829914957,0.02327660310098413
7.323661830915457,0.0126907072710485
7.327663831915958,0.012921049328466308
7.331665832916458,0.021302505628989214
7.335667833916958,0.01932764213570868
7.3396698349174585,0.014402423044879988
7.3436718359179585,0.01654478332252006
7.347673836918458,0.0310653482709933
7.351675837918959,0.025206686229946623
7.355677838919459,0.040253693197538395
7.359679839919959,0.02849467100593969
7.36368184092046,0.034035741649803594
7.36768384192096,0.032031801415900014
7.37168584292146,0.03665647948898289
7.375687843921961,0.025736278590125734
7.379689844922461,0.040085711410232205
7.383691845922961,0.03846140307568898
7.387693846923461,0.05378382212354289
7.391695847923962,0.0571854684646209
7.395697848924462,0.06572063724973352
7.3996998499249615,0.07229769933648968
7.403701850925462,0.07285456217965018
7.407703851925962,0.09346277145558249
7.411705852926462,0.11443395106232072
7.415707853926963,0.11854359755947662
7.419709854927463,0.15165468859581285
7.423711855927963,0.1683191358804934
7.427713856928464,0.1773136668818502
7.431715857928964,0.2146913204096459
7.435717858929464,0.23854885284479554
7.439719859929965,0.2740394949463863
7.443721860930465,0.2938944211840993
7.447723861930965,0.32900617769628415
7.4517258629314655,0.3555631428389852
7.4557278639319655,0.4149153912565316
7.4597298649324655,0.431293847555881
7.463731865932966,0.4733835607693746
7.467733866933466,0.5175482198409259
7.471735867933966,0.5541729012507628
7.475737868934467,0.6027783736378534
7.479739869934967,0.6303272669863659
7.483741870935467,0.6784068966069551
7.487743871935967,0.709215268293385
7.491745872936468,0.7326923492165326
7.495747873936968,0.7606868911731487
7.499749874937468,0.7907252511324973
7.503751875937969,0.8192796532542354
7.507753876938469,0.8328857081553561
7.511755877938969,0.8365386316811101
7.5157578789394694,0.8435744840899497
7.519759879939969,0.8503795099827359
7.523761880940469,0.8225509090332681
7.52776388194097,0.7886108201366842
7.53176588294147,0.7474162682328136
7.53576788394197,0.7171912320167982
7.539769884942471,0.6637459462511562
7.543771885942971,0.6249894343438638
7.547773886943471,0.5903788991782025
7.551775887943972,0.531995563750108
7.555777888944472,0.49953464083666693
7.559779889944972,0.4570426827699128
7.563781890945473,0.40740939179727526
7.567783891945973,0.3728421070747769
7.5717858929464725,0.34705366392981896
7.575787893946973,0.310777036296597
7.579789894947473,0.2601988907533144
7.583791895947973,0.24234530029480444
7.587793896948473,0.21255726723576168
7.591795897948974,0.19219866572983255
7.595797898949474,0.15877013065269754
7.599799899949974,0.14292651776653276
7.603801900950475,0.12654391881199195
7.607803901950975,0.11387532672610728
7.611805902951475,0.09374697080565286
7.615807903951976,0.0804495231891723
7.619809904952476,0.07563553343044112
7.623811905952976,0.06929251746071073
7.6278139069534765,0.05158796302533361
7.6318159079539765,0.05205346240200184
7.635817908954476,0.04418322928576078
7.639819909954977,0.03455057861693926
7.643821910955477,0.03655712701060767
7.647823911955977,0.036610349950873866
7.651825912956478,0.026275242231875415
7.655827913956978,0.027829385358879594
7.659829914957478,0.025234621573715997
7.663831915957979,0.012587446850964515
7.667833916958479,0.02085506146816775
7.671835917958979,0.01110373116726303
7.675837918959479,0.019353813880354287
7.67983991995998,0.021731427384733906
7.68384192096048,0.020799652719484668
7.6878439219609795,0.026814229489855967
7.69184592296148,0.014551063917538352
7.69584792396198,0.01728956946619032
7.69984992496248,0.014518134178503256
7.703851925962981,0.016553623157258633
7.707853926963481,0.02017040976521878
7.711855927963981,0.01618119372454825
7.715857928964482,0.017940692438207863
7.719859929964982,0.029031375633936117
7.723861930965482,0.029251412402324393
7.727863931965983,0.020298960566747584
7.731865932966483,0.01868944245157873
7.735867933966983,0.012727080888155667
7.7398699349674835,0.023432493579905858
7.7438719359679835,0.017783149608902628
7.7478739369684835,0.014963260940480071
7.751875937968984,0.023548049923437134
7.755877938969484,0.025988983176810785
7.759879939969984,0.012341033502204085
7.763881940970485,0.018925331205804242
7.767883941970985,0.026543342124259392
7.771885942971485,0.009409211989058698
7.775887943971985,0.022693125392296936
7.779889944972486,0.01928188080681132
7.783891945972986,0.030290273095090206
7.787893946973486,0.026724822821870275
7.791895947973987,0.018964559983305387
7.795897948974487,0.021630064835901703
7.799899949974987,0.01936113375388103
7.8039019509754874,0.020578834727432382
7.807903951975987,0.02252194961931658
7.811905952976487,0.017973088427660655
7.815907953976988,0.017225269071112496
7.819909954977488,0.023505022884565477
7.823911955977988,0.02263544276864688
7.827913956978489,0.016700655839202713
7.831915957978989,0.020437896765161594
7.835917958979489,0.026018179329991613
7.83991995997999,0.016761848261982955
7.84392196098049,0.015161429908246916
7.84792396198099,0.017341690770747216
7.851925962981491,0.01195797222840938
7.855927963981991,0.020373071194938187
7.8599299649824905,0.0163374635886418
7.8639319659829905,0.01045846257689035
7.867933966983491,0.01715317501418156
7.871935967983991,0.01954849766003287
7.875937968984491,0.022556032893093946
7.879939969984992,0.021090975154392826
7.883941970985492,0.018268366359559883
7.887943971985992,0.019060677889824178
7.891945972986493,0.019744566674213617
7.895947973986993,0.01246946473362755
7.899949974987493,0.012044959027483332
7.903951975987994,0.019378112029593615
7.907953976988494,0.018906511328899804
7.911955977988994,0.017234955135383295
7.9159579789894945,0.024612884146072656
7.9199599799899945,0.023317209562166964
7.923961980990494,0.01613873438906793
7.927963981990995,0.027054670460927438
7.931965982991495,0.02015406462923606
7.935967983991995,0.02089467099836197
7.939969984992496,0.014256129908617831
7.943971985992996,0.022836540939221685
7.947973986993496,0.01909862346514319
7.951975987993997,0.03242883367605752
7.955977988994497,0.023006462033181383
7.959979989994997,0.022435499101497794
7.963981990995497,0.02265284438586526
7.967983991995998,0.008829802727676852
7.971985992996498,0.013724891077620458
7.9759879939969975,0.021260844397486607
7.979989994997498,0.013440550501171461
7.983991995997998,0.014531088552561622
7.987993996998498,0.017401571149925868
7.991995997998999,0.014263245231540465
7.995997998999499,0.022588506095120947
8.0,0.02085904021295078
